,NLC,Station,En/Ex 2007,En/Ex 2008,En/Ex 2009,En/Ex 2010,En/Ex 2011,En/Ex 2012,En/Ex 2013,En/Ex 2014,En/Ex 2015,En/Ex 2016,En/Ex 2017,En/Ex 2018,En/Ex 2019,En/Ex 2020,En/Ex 2021,LINES,NETWORK,London Underground,Elizabeth Line,London Overground,DLR,Night Tube?
0,500,ACTON TOWN,5773625,5816798,5459521,5428316,5462387,5584934,5748994,6059017,6235045,6274649,5731527,5794685,6186555,3568528,2902697,"District, Piccadilly",London Underground,Yes,,,,Yes
1,501,BARBICAN,9558748,10030975,9261249,8873092,9228704,9850562,10464425,11444738,11283478,11973122,11303155,11160091,10467974,2537108,3467856,"Circle, Hammersmith & City, Metropolitan",London Underground,Yes,,,,No
2,502,ALDGATE,5572412,6243135,5974176,6026534,6235513,6647283,6877712,7221566,7527810,8009494,8459234,9218140,9956600,2775844,3525128,"Circle, Metropolitan",London Underground,Yes,,,,No
3,503,ALDGATE EAST,7657338,8152761,9047885,8974956,9157483,10134021,11663144,12248009,12839311,13434630,13262408,13707738,14148654,3144899,5611130,"District, Hammersmith & City",London Underground,Yes,,,,No
4,505,ALPERTON,3005522,3072270,3044399,2942987,2945259,2893236,2956888,3171235,3205455,3174845,2896391,2796159,2858439,2064990,1345253,Piccadilly,London Underground,Yes,,,,No
5,506,AMERSHAM,2341347,2171944,2088199,2109415,2099560,2097954,2041139,2439993,2287149,2360700,2215502,2130207,2350099,863361,946577,Metropolitan,London Underground,Yes,,,,No
6,507,ANGEL,16625984,17824269,18051985,17821157,17775047,18578717,18930868,19217171,19756365,20100806,18236123,17661269,17705761,5255371,7258744,Northern,London Underground,Yes,,,,No
7,508,ARCHWAY,7738419,8236818,8048465,8053512,8081810,8059174,8169486,8943726,9794439,9940993,8806365,8608964,8772643,4429802,4027456,Northern,London Underground,Yes,,,,Yes
8,509,ARNOS GROVE,4314491,4250148,4311751,4096044,4159371,4155802,4479004,4713904,4550587,4645869,4372042,4263555,4436265,2340827,1963343,Piccadilly,London Underground,Yes,,,,Yes
9,510,ARSENAL,2734787,3212954,3051762,2977319,3067815,3017544,3091593,2900614,2802635,3012524,2671088,2651488,2768340,999026,1209093,Piccadilly,London Underground,Yes,,,,Yes
10,511,BAKER STREET,24009889,24605375,25636684,26275325,27017574,27744272,28097997,32175422,29379132,29754860,27340420,27349471,28073310,8475976,11147642,"Bakerloo, Circle, Jubilee, Hammersmith & City, Metropolitan",London Underground,Yes,,,,Yes
11,512,BALHAM LU,11336548,11560006,11549624,10897161,11459978,11904117,12051320,13471439,14178948,14637993,13584305,12706683,13064682,5241275,5356512,Northern,London Underground,Yes,,,,Yes
12,513,BANK AND MONUMENT,41882819,42823864,40655415,43495766,47804941,47749950,48884756,52306067,57512971,64262200,90922111,86393639,92291003,15625280,30132853,"Central, Circle, District, DLR, Northern, Waterloo & City",London Underground,Yes,,,Yes,Yes
13,514,BARKING,12787835,11676598,13045782,13719922,13955938,14514735,15224058,15592496,16055212,15860320,19511102,20580625,21622036,17562493,11353650,"District, Hammersmith & City, London Overground",London Underground,Yes,,Yes,,No
14,515,BARKINGSIDE,859251,952740,975225,1080144,1156751,1118756,1241272,1351966,1406286,1633262,1543740,1557996,1575379,915270,647203,Central,London Underground,Yes,,,,Yes
15,516,BARONS COURT,6698321,6778341,6349273,6456132,6535580,6809659,7155458,7500664,7295186,7207423,6769847,6689966,6821846,3127255,2900237,"District, Piccadilly",London Underground,Yes,,,,Yes
16,517,BAYSWATER,6042651,5982534,6439576,5519178,5100938,5541858,5493688,5691226,5219590,4756028,4437691,4335552,4253914,1086943,1498957,"Circle, District",London Underground,Yes,,,,No
17,518,BECONTREE,2314840,2547549,2420863,2493471,2759530,2837652,3039868,3395647,3490288,3545530,3458723,3477091,3461331,2756262,1759768,District,London Underground,Yes,,,,No
18,519,BELSIZE PARK,5632841,6144764,6080640,6168717,5747717,5806568,5842725,5927817,6155599,6482865,5926276,5811597,5679733,2769409,2609939,Northern,London Underground,Yes,,,,Yes
19,520,BETHNAL GREEN LU,14095386,14272056,15110104,15059643,15086509,15055906,15272389,16076636,16164737,16272340,14720488,14171711,14920047,6849607,6322604,Central,London Underground,Yes,,,,Yes
20,521,BLACKFRIARS LU,12621265,13137897,0,0,0,9282172,12087967,13142562,13702647,15449362,14159864,14288212,15533461,2894042,4795990,"Circle, District",London Underground,Yes,,,,No
21,522,BLACKHORSE ROAD,6178833,6093247,5679321,6101764,6468586,7304059,7898300,8633193,8360092,8452553,10946261,11515668,12365373,7413637,6536601,"London Overground, Victoria",London Underground,Yes,,Yes,,Yes
22,524,BOND STREET,36695785,36406455,36850571,36868627,36022087,38065150,39648205,19799777,37119274,39528650,36853006,36165875,37487361,9682506,15694939,"Central, Jubilee, TfL Rail",London Underground,Yes,Yes,,,Yes
23,525,BOROUGH,4138441,4140747,4869438,5088277,4573373,4840588,4887560,5309004,5358351,5873875,5581683,5413775,5547448,1471942,2066434,Northern,London Underground,Yes,,,,No
24,526,BOSTON MANOR,1863704,1983961,1934689,1872411,1887897,1951651,2077572,2278211,2242854,2322687,2170793,2066569,2185122,1041242,879895,Piccadilly,London Underground,Yes,,,,Yes
25,527,BOUNDS GREEN,5497937,5777529,5554259,5302175,5592642,5738629,6161808,6564869,6462300,6615420,6057231,5749650,5990306,2953366,2509255,Piccadilly,London Underground,Yes,,,,Yes
26,528,BOW ROAD,4590692,5315977,5083967,5302929,5081976,5180394,5601781,5765573,6102443,5645547,5362773,5327619,5229778,2660676,2257180,"District, Hammersmith & City",London Underground,Yes,,,,No
27,529,BRENT CROSS,1892404,2190859,2142167,2137758,2209328,2125797,2135435,2400107,2566618,2493412,2392436,2396791,2406723,1348186,1071927,Northern,London Underground,Yes,,,,Yes
28,530,BROMLEY-BY-BOW,2652435,2745801,2406403,2620645,2750832,2628177,3210211,3414885,3685840,3789045,3569032,4093177,4229591,2575616,2030519,"District, Hammersmith & City",London Underground,Yes,,,,No
29,531,BUCKHURST HILL,1548767,1597036,1721626,1794127,1849690,1910147,1943928,2061303,2063838,2188937,2195929,1844536,1856050,862044,1072751,Central,London Underground,Yes,,,,Yes
30,532,BURNT OAK,3173136,3513361,3643813,3680047,3787725,3623525,3614445,4083381,4383772,4519973,4264418,4208566,4190341,2926900,1912270,Northern,London Underground,Yes,,,,Yes
31,534,CALEDONIAN ROAD,5333034,4932319,5083008,5091188,5273722,5250363,5939278,6003408,6126683,5725549,5426372,5226968,5603533,2343114,2421295,Piccadilly,London Underground,Yes,,,,Yes
32,535,CAMDEN TOWN,18777443,19643233,19673751,20962210,20985400,21614759,22515351,23369124,21898497,22884901,21239992,19628395,20499697,5509540,9118497,Northern,London Underground,Yes,,,,Yes
33,536,,4109347,4540496,3932511,3947306,4047494,4088480,4644524,5299813,7485065,8983249,8996282,7399745,7108243,1559861,2147772,"Circle, District",London Underground,Yes,,,,No
34,537,CANONS PARK,1536223,1560563,1646258,1613367,1815525,1983360,2378098,2597229,2786006,2925484,2918453,2893090,2981768,1501564,1249231,Jubilee,London Underground,Yes,,,,Yes
35,539,CHALFONT & LATIMER,1307003,1190880,1107806,1095488,1188207,1267837,1111515,1476940,1437534,1488465,1594941,1789548,1766734,818368,736602,Metropolitan,London Underground,Yes,,,,No
36,540,CHALK FARM,4651929,4853951,5393268,5253384,4937923,5340369,5550362,5893313,5752495,5608603,5556107,5232138,5448344,1661516,2195398,Northern,London Underground,Yes,,,,Yes
37,541,CHANCERY LANE,14770603,15385542,14788758,15282247,16035269,15898206,16523655,16592090,16355373,18189655,16775017,17033055,17253849,3405923,5469516,Central,London Underground,Yes,,,,Yes
38,542,EMBANKMENT,19973153,20847113,19829894,20213300,19789934,19884719,20151962,19661756,21562479,26844711,21002144,20303286,20963697,4055183,8251813,"Bakerloo, Circle, District, Northern",London Underground,Yes,,,,Yes
39,543,CHESHAM,431532,449780,427435,464042,617120,652941,689840,813242,875261,1069954,1081174,1121663,1170792,616342,507495,Metropolitan,London Underground,Yes,,,,No
40,544,CHIGWELL,379676,406177,396920,440760,459125,486629,520702,534259,559061,531799,477501,503402,524833,247222,192328,Central,London Underground,Yes,,,,No
41,545,CHISWICK PARK,2222808,2047946,1945744,1925876,1969078,2096264,2123339,2394985,2148469,2292764,2138042,2090004,2443330,1067866,1013033,District,London Underground,Yes,,,,No
42,546,CHORLEYWOOD,998828,863869,859496,850080,906215,1008639,985762,1056777,1137678,1070254,1469208,1402308,1492279,769367,803805,Metropolitan,London Underground,Yes,,,,No
43,547,CLAPHAM COMMON,8770323,9049110,8974193,8972239,9055568,9214447,8938504,8938345,10072099,10043328,9926782,9711927,9644363,4500440,4712092,Northern,London Underground,Yes,,,,Yes
44,548,CLAPHAM NORTH,5710997,5849119,5571082,5654465,5826772,5822763,6169702,6668320,7026138,6903645,6498663,6009179,6136734,2868042,3273797,Northern,London Underground,Yes,,,,Yes
45,549,CLAPHAM SOUTH,7379611,7599107,7533922,7480900,7817425,7797633,7584358,8470361,8584904,8797066,8205230,7977126,8095216,3382641,3758231,Northern,London Underground,Yes,,,,Yes
46,550,COCKFOSTERS,1632508,1764804,1674679,1669304,1721307,1805737,1969644,1945096,1847585,2040080,1828835,1779062,1864419,886857,836566,Piccadilly,London Underground,Yes,,,,Yes
47,551,COLINDALE,3790294,4100077,4092350,3934526,4126576,4270547,4536889,5397362,5946531,6227278,6781366,7109001,7700808,4335294,3432152,Northern,London Underground,Yes,,,,Yes
48,552,COLLIERS WOOD,5236159,5481712,5295083,5563220,5574812,5681757,5786354,6312901,6515664,6715162,6346134,6398401,6836968,3666803,3024060,Northern,London Underground,Yes,,,,Yes
49,553,COVENT GARDEN,12742497,17512618,18710061,19601670,20279268,21292698,21165350,15382692,14669250,17188811,16524381,15756864,16550043,1621548,7484432,Piccadilly,London Underground,Yes,,,,Yes
50,554,CROXLEY,729529,749237,778399,781132,818349,891178,921058,1030296,1059406,1078029,1078929,1062083,1121607,515420,487950,Metropolitan,London Underground,Yes,,,,No
51,555,DAGENHAM EAST,2091664,2144847,2161884,2114481,2222392,2288282,2418659,2662063,2858892,2976440,2850852,2889563,2953138,2490581,1496282,District,London Underground,Yes,,,,No
52,556,DAGENHAM HEATHWAY,3724772,4081804,4239210,4204570,4710937,4912327,5156354,5800005,6065247,6043690,5779848,5763663,5853372,4552421,2869564,District,London Underground,Yes,,,,No
53,557,DEBDEN,1776413,1761946,1895992,2022055,2121108,2198209,2298091,2476133,2462500,2469953,2356317,2377124,2380050,1512812,1106863,Central,London Underground,Yes,,,,No
54,558,DOLLIS HILL,3799620,3658275,3292754,3000811,3076494,3181564,3231810,3079019,3085602,4180094,4033111,3853604,4016751,2754026,1865453,Jubilee,London Underground,Yes,,,,Yes
55,560,EALING BROADWAY,17527677,17864990,16621251,16512739,16091415,16089675,16640278,17380138,16840132,18604788,15947455,18435715,19036772,8852929,8307429,"Central, District, TfL Rail",London Underground,Yes,Yes,,,Yes
56,561,EALING COMMON,3418822,3396396,3194100,3202138,3248444,3235644,3340949,3569884,3516563,3177674,3030959,3035829,3068294,1610901,1308100,"District, Piccadilly",London Underground,Yes,,,,No
57,562,EARL'S COURT,20860682,20425800,19693008,21205003,20965776,21026733,21266746,22005021,20501361,19998114,18918916,18512627,19127125,7898110,8396552,"District, Piccadilly",London Underground,Yes,,,,Yes
58,563,EAST ACTON,3643990,3898147,3514320,3410281,3408355,3473199,3881384,4016859,4009433,4122793,3872967,3866457,4081695,2726902,1326939,Central,London Underground,Yes,,,,Yes
59,564,EASTCOTE,2352457,2456081,2412104,2347552,2432119,2517541,2628771,2758170,2833742,2943186,2867252,2791569,2825453,1365559,1187714,"Metropolitan, Piccadilly",London Underground,Yes,,,,No
60,565,EAST FINCHLEY,5712898,5946420,5828206,6231882,6291627,6304646,6558418,7323942,7342555,7470306,6953760,6637732,6866724,2870898,2809498,Northern,London Underground,Yes,,,,Yes
61,566,EAST HAM,12378046,12670617,12680742,13118180,13365416,13312177,13581725,14816407,15094316,14746847,13938124,13246713,13011044,8485806,5966757,"District, Hammersmith & City",London Underground,Yes,,,,No
62,567,EAST PUTNEY,5774841,5806866,5608638,4924570,4930995,5331607,5652154,6140774,5995120,6369310,5875905,6109009,6445888,3056532,3007533,District,London Underground,Yes,,,,No
63,568,EDGWARE,3459673,3716011,4334651,4394459,4372808,4083055,4090187,4585383,4776513,5188838,5013738,4842434,4922141,2815355,2278683,Northern,London Underground,Yes,,,,Yes
64,569,EDGWARE ROAD (DIS),5992876,6039515,6800343,5885942,5937083,6311978,8194415,7330752,7210074,6963367,6801573,6743070,6737179,2835355,2838710,"Circle, District, Hammersmith & City",London Underground,Yes,,,,No
65,570,ELEPHANT & CASTLE LU,17132279,18536376,18325234,18226123,17717370,17959946,17674326,18482055,19088917,23295457,20987746,19132578,19754830,8559895,7881463,"Northern, Bakerloo",London Underground,Yes,,,,No
66,571,ELM PARK,2236093,2395057,2389794,2333965,2443469,2493005,2628329,2992367,3004341,3096321,3122720,3076370,3143319,2007136,1406370,District,London Underground,Yes,,,,No
67,572,EPPING,2300707,2480435,2780380,2864072,3095119,3029117,3144293,3071273,3330335,3770408,3778082,4048867,4084533,1909072,1890743,Central,London Underground,Yes,,,,No
68,574,EUSTON LU,25783341,28125051,31123724,33573987,35324569,37526909,38026531,41331265,42159332,43099154,40735345,39254276,41092380,8794406,15882123,"Northern, Victoria",London Underground,Yes,,,,Yes
69,575,EUSTON SQUARE,9958819,10584757,10709239,10030805,10885783,11358790,12358617,14328440,14878866,14395409,13495131,13858401,14119388,3668927,5263980,"Circle, Hammersmith & City, Metropolitan",London Underground,Yes,,,,No
70,576,FAIRLOP,696707,803974,826818,843647,922346,906250,966835,1088742,1134269,1197309,1179427,1181967,1248117,687862,541194,Central,London Underground,Yes,,,,Yes
71,577,FARRINGDON,18284982,18835943,15674901,16812389,19024321,20402371,21764657,23628728,23775738,15874802,19325838,25016753,25924012,5899244,8497573,"Circle, Hammersmith & City, Metropolitan, TfL Rail",London Underground,Yes,Yes,,,No
72,578,FINCHLEY CENTRAL,4941846,5053947,5119310,5312454,5494164,5507100,5332385,5676484,5779925,6949909,6859802,8075893,8485023,3718793,3523038,Northern,London Underground,Yes,,,,Yes
73,579,FINCHLEY ROAD,9778138,10177917,9308551,8846550,8976869,9366745,9898800,10061287,9951123,9998400,9134559,9124495,9187606,4696641,3908195,"Metropolitan, Jubilee",London Underground,Yes,,,,Yes
74,580,FINSBURY PARK,24801026,26299025,23213512,23461314,24288678,26036007,27072271,27995495,28847088,32738968,29633479,31540207,33396270,15817399,14048632,"Piccadilly, Victoria",London Underground,Yes,,,,Yes
75,581,FULHAM BROADWAY,10291098,9634101,9675655,9301691,9562872,9495761,9944627,10766495,10714422,10153787,9149885,8704059,8816445,3911983,4148235,District,London Underground,Yes,,,,No
76,582,GANTS HILL,4527348,4692610,5257959,5064420,5477918,5594100,5986579,6560896,6588251,7143148,6491292,6174918,6358482,3741492,2835478,Central,London Underground,Yes,,,,Yes
77,583,GLOUCESTER ROAD,13606370,13523413,13734309,14484620,14162419,14193918,14912967,11963929,14203922,13975040,13100020,13311849,13738684,3933949,6967643,"District, Piccadilly, Circle",London Underground,Yes,,,,Yes
78,584,GOLDERS GREEN,7642484,7669104,7897576,7968265,7810571,7635532,7397006,8250104,8700123,8511338,7973435,7897011,7895394,3897645,3332144,Northern,London Underground,Yes,,,,Yes
79,585,GOLDHAWK ROAD,1592604,1766816,1578490,1491855,1604110,1720631,1793796,2095140,2088026,2123640,2033590,2109767,2127422,972028,954301,"Circle, Hammersmith & City",London Underground,Yes,,,,No
80,586,GOODGE STREET,7936215,8493547,8698646,9033065,10616578,8613806,8229689,8378694,8841266,8463593,7185458,7316006,8507731,1625476,2537086,Northern,London Underground,Yes,,,,Yes
81,587,GRANGE HILL,395276,456222,441456,488583,488191,538851,562391,600016,657661,663262,639841,642034,652468,296723,232680,Central,London Underground,Yes,,,,No
82,588,GREAT PORTLAND STREET,6211202,6958828,6884487,6792179,7166285,7358443,7577960,8427474,8343311,8657946,7732903,7728904,7974138,2635853,2685637,"Circle, Hammersmith & City, Metropolitan",London Underground,Yes,,,,No
83,589,GREENFORD,3515276,3533585,3494518,3666996,3947974,4053459,4346343,4629465,4716521,4806850,4452187,4206392,4170423,2964852,2049869,Central,London Underground,Yes,,,,No
84,590,GREEN PARK,30034360,29618755,28258541,29365627,31724096,33987599,35459916,39830418,39552887,41241175,37397425,36793171,39059216,9446617,15943763,"Jubilee, Piccadilly, Victoria",London Underground,Yes,,,,Yes
85,591,GUNNERSBURY,3657932,3670975,3825968,3932489,4393537,4643672,4553739,5411649,5410585,5784841,7706666,7694633,7833201,2878121,2942058,"District, London Overground",London Underground,Yes,,Yes,,No
86,592,HAINAULT,2241634,2379573,2525353,2694964,2949499,2861768,3146946,3481574,3607791,3738019,3619745,3584797,3644122,2625053,1732237,Central,London Underground,Yes,,,,Yes
87,593,HAMMERSMITH (DIS),27175566,28984656,27434766,27883056,28941207,28647767,29286237,29261687,28834401,29417701,27831099,26958703,27049240,9895644,10798249,"District, Piccadilly",London Underground,Yes,,,,Yes
88,594,HAMPSTEAD,4308191,4533549,4731740,4506235,4313065,4377572,4285503,4364454,4557566,4637096,4564741,4441422,4665745,2259516,2111620,Northern,London Underground,Yes,,,,Yes
89,595,HANGER LANE,2939052,2922462,3150901,3234191,3362341,3453605,3629301,3843017,3949461,4095538,3702916,3551843,3548004,1904069,1467628,Central,London Underground,Yes,,,,No
90,596,HARLESDEN,2196043,2242642,2230090,2047840,2280123,2425550,2603902,2773017,3007807,3099292,4377369,4331195,4385766,3267039,2321402,"Bakerloo, London Overground",London Underground,Yes,,Yes,,No
91,597,HARROW & WEALDSTONE,5055445,4306316,3892857,4279192,4468738,4452893,4659489,4512161,5002877,4963518,8142878,8136921,8159774,4723786,3884873,"Bakerloo, London Overground",London Underground,Yes,,Yes,,No
92,598,HARROW-ON-THE-HILL,9379157,9359403,8591134,8490159,8749578,8847439,9205889,9868855,10259516,10665325,10417901,10208999,10698286,6185709,4761645,Metropolitan,London Underground,Yes,,,,No
93,601,HENDON CENTRAL,5396142,5914764,6076148,6259561,7014001,6825826,6843039,7404483,7970028,8130263,7420133,7297644,7190413,3385014,2933496,Northern,London Underground,Yes,,,,Yes
94,602,HIGH BARNET,2613467,2729056,2731024,2858999,3141483,2876354,2796356,3234777,3648827,3647152,4062201,4014753,4047339,2028542,1826421,Northern,London Underground,Yes,,,,Yes
95,603,HIGHBURY & ISLINGTON,13791446,13726413,14327026,13935961,16258236,16770439,18134071,18283137,18443978,20222247,42177220,38981796,41117739,16202663,20632454,"London Overground, Victoria",London Underground,Yes,,Yes,,Yes
96,604,HIGHGATE,4493334,4851078,4967615,4984884,4980182,4759258,4637186,5042899,5482772,5769258,5581536,5362797,5652865,2341117,2428486,Northern,London Underground,Yes,,,,Yes
97,605,HIGH STREET KENSINGTON,12603269,13264423,12522052,12014816,11994054,12898984,13458770,13784783,13362540,13103200,12115781,11889198,11691230,3574133,4454568,"Circle, District",London Underground,Yes,,,,No
98,606,HILLINGDON,1314434,1388554,1333287,1299003,1400024,1482669,1634164,1798747,1856117,1772004,1726384,1704504,1648055,840109,747141,"Metropolitan, Piccadilly",London Underground,Yes,,,,No
99,607,HOLBORN,31106138,30184057,30098285,31263127,31981518,31506714,34022691,36315818,40530196,33956572,31015758,30740262,31253089,7171859,11252228,"Central, Piccadilly",London Underground,Yes,,,,Yes
100,608,HOLLAND PARK,3619151,3881522,3504855,3386341,3369348,3318275,3393821,3161254,3366174,3225381,3451841,3377648,3722034,1993894,1618471,Central,London Underground,Yes,,,,Yes
101,609,HOLLOWAY ROAD,7486616,7672912,7672303,7703412,8049972,7182872,7146236,6662884,6728651,6719981,6438237,6146893,6687750,2260557,2882905,Piccadilly,London Underground,Yes,,,,Yes
102,610,HORNCHURCH,1850705,1957187,1948563,1932145,1977139,2001895,1988632,2145267,2023958,2108498,2138383,2108849,2139412,1247419,934752,District,London Underground,Yes,,,,No
103,611,HOUNSLOW CENTRAL,3558003,3629728,3798709,3940066,3904224,3782288,3929167,4009715,4010773,3825932,3748113,3575375,3635704,1947240,1519626,Piccadilly,London Underground,Yes,,,,Yes
104,612,HOUNSLOW EAST,3841365,3859951,4022150,4224896,4269133,4170686,4340980,4666573,4515142,3870493,3829625,3729904,3920633,2333768,1773818,Piccadilly,London Underground,Yes,,,,Yes
105,613,HOUNSLOW WEST,3077732,2951171,3101392,3195330,3179685,3241375,3337658,3610222,3545552,3545471,3330306,3324930,3531951,1825754,1550628,Piccadilly,London Underground,Yes,,,,Yes
106,614,HYDE PARK CORNER,5596755,6421740,6189372,5865670,6069371,5785461,5802785.5,5836879,7436827,6310733,5218249,4567539,4438810,1689055,1883530,Piccadilly,London Underground,Yes,,,,Yes
107,615,ICKENHAM,1068404,1028714,1008689,960080,982403,1055454,1073393,1155563,1190362,1166906,1119734,1142440,1118573,554519,480785,"Metropolitan, Piccadilly",London Underground,Yes,,,,No
108,616,KENNINGTON,4154822,4181238,4125256,4316946,4515496,4587700,4679885,4958303,5529121,5592864,5286728,5032526,5508345,2398479,2486398,Northern,London Underground,Yes,,,,Yes
109,617,KENSAL GREEN,2386962,2630829,2185069,2325176,2319179,2540968,2562212,2279364,2563193,2724536,3453907,3263687,3356941,1715567,1504204,"Bakerloo, London Overground",London Underground,Yes,,Yes,,No
110,618,KENSINGTON (OLYMPIA),951910,1315876,1274996,1286366,1737833,1795637,1876505,1947507,2008711,2047039,4946651,3364717,3804436,1275099,1622491,"District, London Overground",London Underground,Yes,,Yes,,No
111,619,KENTISH TOWN,6433038,7098142,7278897,7443081,7214610,7584083,6449580,7719158,10493555,8358081,7938048,7598874,8121594,3257153,3708705,Northern,London Underground,Yes,,,,Yes
112,620,KENTON,1443277,1471735,1676705,1824917,1942100,1972680,2017375,1957589,2116417,2078584,2859905,2745537,2750164,2101808,1446419,"Bakerloo, London Overground",London Underground,Yes,,Yes,,No
113,621,KEW GARDENS,3298111,3168320,3224467,3340697,3131336,3239675,3522717,3561549,3549683,4176827,5550127,5320709,5263515,2305428,3032919,"District, London Overground",London Underground,Yes,,Yes,,No
114,622,KILBURN,8501716,8557713,7852189,7198815,7521454,7686365,7790047,7865471,8269438,8582187,8161692,8055599,8116651,3945831,3297471,Jubilee,London Underground,Yes,,,,Yes
115,623,KILBURN PARK,3362624,3622475,4068411,3785729,3455765,3450656,3480874,3381792,3417148,3428178,3185489,3271343,3285734,1482189,1375207,Bakerloo,London Underground,Yes,,,,No
116,624,KINGSBURY,3328493,3324353,3333201,3106205,3442077,3734715,4117979,4586917,4968747,5122530,4958925,4637313,4551665,3236734,2067899,Jubilee,London Underground,Yes,,,,Yes
117,625,KING'S CROSS ST. PANCRAS,66359149,67067757,66152528,72576764,77110350,80970688,84866822.8,91984534,93413018,95030793,92620193,87839231,88273827,18837593,36734085,"Circle, Hammersmith & City, Metropolitan, Northern, Piccadilly, Victoria",London Underground,Yes,,,,Yes
118,626,KNIGHTSBRIDGE,21574755,19641276,20162113,20197731,20699238,21566053,21469435,21471485,20296928,19086044,16241434,16509261,16528117,4464303,7453212,Piccadilly,London Underground,Yes,,,,Yes
119,627,LADBROKE GROVE,4841505,5438843,5121354,5229544,5089394,5299764,5665472,6077566,5813508,5801892,5652798,5597827,6130079,2835701,2648507,"Circle, Hammersmith & City",London Underground,Yes,,,,No
120,628,LAMBETH NORTH,2939717,3199398,3310333,3554510,3497701,3309893,3023974,3571716,3285854,0,3337188,3973246,3868659,1195291,1286347,Bakerloo,London Underground,Yes,,,,No
121,629,LANCASTER GATE,5720495,5972880,6481688,6524718,6677557,6698842,6794600,6551701,6293475,7060983,5903385,6140949,6628043,1503898,2668131,Central,London Underground,Yes,,,,Yes
122,630,LATIMER ROAD,1994914,2147222,1978312,2000092,1702701,1910797,2192582,2389740,2572535,2627529,2344798,2439071,2320784,1121245,1075229,"Circle, Hammersmith & City",London Underground,Yes,,,,No
123,631,LEICESTER SQUARE,38687223,33868259,35555594,36938061,38779688,38512080,38596700,43314547,43745951,37843681,34580105,33424173,34563636,3950320,16345381,"Piccadilly, Northern",London Underground,Yes,,,,Yes
124,632,LEYTON,12322930,12646743,12345039,12563244,13289406,12856223,13531459,14067249,14406501,14331098,12751863,11393769,11262368,7325632,5293420,Central,London Underground,Yes,,,,Yes
125,633,LEYTONSTONE,9444787,9855499,9699503,9794737,10452827,10102833,10379073,11054539,11244737,11300919,10431470,9744447,9822700,5650715,4259419,Central,London Underground,Yes,,,,Yes
126,634,LIVERPOOL STREET LU,61317307,64161950,60907538,62721399,63645304,64234700,67893591,73661457,73257321,71614231,64501949,66141465,67202755,16267905,26596893,"Central, Circle, Hammersmith & City, London Overground, Metropolitan",London Underground,Yes,,Yes,,Yes
127,635,LONDON BRIDGE LU,56954458,60551773,61494909,60787026,65444278,67155180,69884482,74976665,71964428,70735683,65684647,70676629,74343494,24721911,30857082,"Northern, Jubilee",London Underground,Yes,,,,Yes
128,636,LOUGHTON,2466212,2663002,2672388,2764862,2999623,3016770,3166344,3255416,3272688,3448907,3412794,3301688,3473615,1747510,1606879,Central,London Underground,Yes,,,,Yes
129,637,MAIDA VALE,3051129,3212250,3161346,3068287,2993997,3150688,3347805,3448597,3382758,3409091,3118278,3150058,3302961,1538572,1433954,Bakerloo,London Underground,Yes,,,,No
130,638,MANOR HOUSE,9296363,8650838,8830283,8833270,9214029,9234179,9259062,9392025,9275642,9122653,8214650,7827043,8554567,3599717,3593706,Piccadilly,London Underground,Yes,,,,Yes
131,639,MANSION HOUSE,5109887,5320220,7034245,7199238,7416215,5645557,5769586,6195631,5561213,6136459,6140305,7106682,6789496,1067130,2088948,"Circle, District",London Underground,Yes,,,,No
132,640,MARBLE ARCH,14966834,16299988,16619130,17794335,16873081,15685686,16361603,16106113,15442682,14108617,13254257,12451407,12159194,3657164,5242933,Central,London Underground,Yes,,,,Yes
133,641,MARYLEBONE LU,10800625,11381962,11730105,11394980,11401050,12111551,13398300,13295479,12525312,12948293,12988295,13075755,12881989,2630669,4597698,Bakerloo,London Underground,Yes,,,,No
134,642,MILE END,12084543,13302852,13522044,13230676,14014809,14057083,14370438,15596293,16310716,15746922,14928464,14686759,14971042,6787729,6644477,"District, Hammersmith & City, Central",London Underground,Yes,,,,Yes
135,643,MILL HILL EAST,958106,1002002,1042902,1047214,1090284,1104434,1165330,1286493,1318158,1340993,1318680,1350943,1407857,813926,764644,Northern,London Underground,Yes,,,,No
136,645,MOORGATE,21017118,22222955,21182382,21038801,21227293,20594422,21381249.25,25895151,26062630,27565959,25828308,24646666,25050824,5839734,8789962,"Circle, Hammersmith & City, Metropolitan",London Underground,Yes,,,,No
137,646,MOOR PARK,734858,756467,771167,781118,824464,814953,824391,886420,886390,914852,897017,913450,932748,593315,463133,Metropolitan,London Underground,Yes,,,,No
138,647,MORDEN,6281507,6650982,6981638,6756228,7195083,7276884,7696341,8617393,9275569,10056185,9872702,9689216,9815261,5488034,4421002,Northern,London Underground,Yes,,,,Yes
139,648,MORNINGTON CRESCENT,4047460,4289579,4479064,4670839,4302147,4550432,4651775,4756065,4531089,5039573,4779258,4300182,4001482,1331040,1425296,Northern,London Underground,Yes,,,,Yes
140,649,NEASDEN,3331902,2991282,2853674,2658500,2701449,2914263,3107451,3413900,3672470,3749439,3646639,3400938,3450466,2478884,1564012,Jubilee,London Underground,Yes,,,,Yes
141,650,NEWBURY PARK,3382497,3592500,3929789,3845309,3918391,3929000,4395879,4619010,4327727,5429546,5249584,4729847,5079924,3168498,2218404,Central,London Underground,Yes,,,,Yes
142,651,NEW CROSS,2272307,,,,,,,,,,,,,,,,,,,,,
143,652,NEW CROSS GATE,3563251,,,,,,,,,,,,,,,,,,,,,
144,653,NORTH ACTON,4991655,5102093,4716127,4811151,4641664,5199834,5465012,5678995,6106253,6530887,6459225,5909108,6241955,3717589,3148552,Central,London Underground,Yes,,,,Yes
145,654,NORTH EALING,869730,916956,936369,877995,936906,898266,860944,894137,892594,905402,786073,798689,880333,507381,357588,Piccadilly,London Underground,Yes,,,,No
146,655,NORTHFIELDS,4058755,4056418,3924262,3826102,3789290,3976939,4102498,4210924,4080122,3913283,3785696,3664816,3975886,1899266,1630938,Piccadilly,London Underground,Yes,,,,Yes
147,656,NORTH HARROW,1432114,1480192,1449100,1412851,1423481,1540858,1685908,1816014,1937838,1968198,1833325,1835839,1930536,954512,769257,Metropolitan,London Underground,Yes,,,,No
148,657,NORTHOLT,3413498,3515942,3736606,4054942,4279014,4417710,4611479,4992642,5026000,5157171,4921293,4784063,4976954,3383878,2467440,Central,London Underground,Yes,,,,No
149,659,NORTH WEMBLEY,1370773,1399678,1467339,1396982,1572627,1643799,1647314,1660434,1836732,1791287,2279055,2149594,2121901,1550566,1093549,"Bakerloo, London Overground",London Underground,Yes,,Yes,,No
150,660,NORTHWICK PARK,3540049,3736299,3616612,3478437,3577980,3790022,3946956,4440388,4588128,4651799,4311177,4142560,4357031,2426206,1836276,Metropolitan,London Underground,Yes,,,,No
151,661,NORTHWOOD,1942899,1935448,1933813,1900165,1971642,2182311,2280491,2462889,2475743,2488831,2897563,2630662,2743087,1515209,1274615,Metropolitan,London Underground,Yes,,,,No
152,662,NORTHWOOD HILLS,1282445,1378044,1315818,1252358,1294249,1409847,1483623,1629043,1720439,1910904,1918400,1856472,1903375,1165488,831677,Metropolitan,London Underground,Yes,,,,No
153,663,NOTTING HILL GATE,16894545,16853354,17364829,17876742,17355461,17277512,17394388,17400155,16683962,17184657,15456337,13812400,15070782,5682051,6404193,"Central, Circle, District",London Underground,Yes,,,,Yes
154,664,OAKWOOD,2612314,2840198,2914899,2898027,2740918,2413451,2785115,2935164,2842657,2875067,2736346,2648492,2780380,1310286,1290796,Piccadilly,London Underground,Yes,,,,Yes
155,665,OLD STREET,17927250,19243903,19607520,20051825,21039484,21880078,21855888,23276520,25143510,25966550,25083479,25533008,27107822,6683590,9635310,Northern,London Underground,Yes,,,,No
156,667,OSTERLEY,2056059,2058633,2063962,2031966,2145820,2189757,2317893,2458246,2350196,2315575,2079080,2043230,2179739,963611,911252,Piccadilly,London Underground,Yes,,,,Yes
157,668,OVAL,5922092,5921214,5791736,5634420,5846190,6109161,5911952,6397929,6968322,6447853,6983973,7027340,7170152,3313152,3129276,Northern,London Underground,Yes,,,,Yes
158,669,OXFORD CIRCUS,72046333,72914886,72719762,70122354,77092776,80551504,85246928,98511630,92355623,83258977,79778619,73639833,78073457,14598777,32863152,"Bakerloo, Central, Victoria",London Underground,Yes,,,,Yes
159,670,PADDINGTON TFL,37237088,40703979,42024813,43995091,46478735,46325618,49710749,49283385,49637302,49480436,46331280,47011593,48612110,11420070,20437217,"Circle, District, Hammersmith & City",London Underground,Yes,,,,No
160,671,PARK ROYAL,1590678,1592807,1625925,1684245,1583000,1575786,1643912,1976904,2019382,2015314,1923720,1896819,2047993,1245850,918333,Piccadilly,London Underground,Yes,,,,No
161,672,PARSONS GREEN,5075378,5126408,5449662,5690881,5944855,6187009,6452463,6799064,6822161,6746851,6442093,6357956,6558793,3026008,2993897,District,London Underground,Yes,,,,No
162,673,PERIVALE,1968909,2090825,2030902,2038525,2080788,2164790,2243955,2337555,2405584,2460144,2389751,2425638,2444064,1503990,1080893,Central,London Underground,Yes,,,,No
163,674,PICCADILLY CIRCUS,38087335,38853181,38567356,39675335,40583552,42357331,41703911,42932327,42796831,41291525,38573777,36004485,38396960,4175738,14144793,"Bakerloo, Piccadilly",London Underground,Yes,,,,Yes
164,675,PINNER,2253132,2309129,2258335,2198745,2303547,2470413,2606534,2837149,3084213,3198703,3266903,3366921,2960479,1360437,1280875,Metropolitan,London Underground,Yes,,,,No
165,676,PLAISTOW,5880743,6307995,6164459,6137394,6342063,6288553,6246718,6786121,7063495,5490616,5816650,5815124,5567660,3769831,2671882,"District, Hammersmith & City",London Underground,Yes,,,,No
166,677,PRESTON ROAD,3032114,3099533,2949387,2859090,2960512,2972873,3154183,3474593,3427709,3308379,3447448,3200118,3230285,2030454,1388173,Metropolitan,London Underground,Yes,,,,No
167,678,PUTNEY BRIDGE,5624131,5506224,5647761,5431014,5331762,5598383,5923504,5932349,5756910,5416663,5113846,5278188,5766944,2626929,2686314,District,London Underground,Yes,,,,No
168,679,QUEENSBURY,3192282,3206121,3193258,2981736,3175666,3372174,3853332,4195103,4525278,4675024,4416312,4173051,4114533,2855288,1835750,Jubilee,London Underground,Yes,,,,Yes
169,680,QUEEN'S PARK,5044550,5662713,5285885,5206741,5529385,5409388,5578067,5844120,5771615,5636721,7574141,7266328,7579844,3619466,3484136,"Bakerloo, London Overground",London Underground,Yes,,Yes,,No
170,681,QUEENSWAY,8044512,8477115,8479415,9330912,8859128,8555667,8575808,7588751,7656619,8707156,8031860,7661884,8254515,2119882,3619504,Central,London Underground,Yes,,,,Yes
171,682,RAVENSCOURT PARK,2590358,2622796,2502619,2520547,2647871,2754691,2767420,2907957,3189008,3178278,3055656,3087532,3228328,1921494,1533828,District,London Underground,Yes,,,,No
172,683,RAYNERS LANE,3813218,3849473,3914047,3867839,3979751,3951952,4081729,4371243,4512905,4460978,4112035,3912652,4159999,2336745,1778250,"Metropolitan, Piccadilly",London Underground,Yes,,,,No
173,684,REDBRIDGE,2270350,2358917,2555355,2605947,2633085,2566293,2672035,2908558,2934539,3054243,2789938,2715368,2804018,1564820,1259738,Central,London Underground,Yes,,,,Yes
174,685,REGENT'S PARK,2874342,3343794,3272235,3711215,3777683,3779666,3794744,3711179,3541481,3346006,3438858,3460614,3867435,1628977,1265551,Bakerloo,London Underground,Yes,,,,No
175,686,RICHMOND,7308893,7299694,7600506,7154951,7473874,7557331,7953442,8448615,8661325,8112159,11875227,11573723,11535430,4436964,4631525,"District, London Overground",London Underground,Yes,,Yes,,No
176,687,RICKMANSWORTH,1869106,1903296,1903653,1906873,2029002,2166361,2243984,2419354,2442771,2455761,2587429,2256420,2387979,1385890,1098469,Metropolitan,London Underground,Yes,,,,No
177,688,RODING VALLEY,201380,206752,208714,212842,220319,224256,235697,255057,260651,367335,352989,459286,449612,190163,155226,Central,London Underground,Yes,,,,No
178,689,ROTHERHITHE,1293908,,,,,,,,,,,,,,,,,,,,,
179,690,ROYAL OAK,1545189,1826926,1765194,1852023,2045798,2220528,2431149,2703935,2491199,2545583,2486491,2587512,2608698,1251188,1185481,"Circle, Hammersmith & City",London Underground,Yes,,,,No
180,691,RUISLIP,1571122,1591374,1582373,1532460,1573058,1619948,1713378,1895875,1903105,1948970,1890042,1929049,1932543,948688,821706,"Metropolitan, Piccadilly",London Underground,Yes,,,,No
181,692,RUISLIP GARDENS,770555,875326,958083,977597,1002292,989402,1003184,1084140,1112623,1072221,1106458,1039276,1106583,549192,476607,Central,London Underground,Yes,,,,No
182,693,RUISLIP MANOR,1477487,1551889,1560302,1568684,1599750,1691520,1774400,1975295,2005867,1993852,1943537,1872804,1893831,988143,839242,"Metropolitan, Piccadilly",London Underground,Yes,,,,No
183,694,RUSSELL SQUARE,13592202,13593560,14045262,14182721,14728330,13436431,12951499,13076625,13328942,12345236,10853914,11896108,12274252,2744465,3655414,Piccadilly,London Underground,Yes,,,,Yes
184,695,ST. JAMES'S PARK,13084320,13189508,13424654,13300266,13496515,14261759,14726104,15730145,15698186,14934536,13664987,14169247,14479978,2919119,3901970,"Circle, District",London Underground,Yes,,,,No
185,696,ST. JOHN'S WOOD,6650563,6660483,6523142,6371793,6741698,7067985,7269493,7617570,7879484,7791962,7399877,7480779,7610612,4113555,3464027,Jubilee,London Underground,Yes,,,,Yes
186,697,ST. PAUL'S,13230664,12945684,14154562,16155148,17084479,15048402,16439099,17538974,17371372,18422362,16417294,12081030,15815893,3861774,5359932,Central,London Underground,Yes,,,,Yes
187,698,SEVEN SISTERS,13530879,13337507,12384660,12431276,12527651,13251478,14464440,15968957,17522713,18605749,27713217,26985722,26467010,14879945,12496696,"London Overground, Victoria",London Underground,Yes,,Yes,,Yes
188,699,SHADWELL,1787127,,,,,,,,,,,,,,,,,,,,,
189,700,SHEPHERD'S BUSH LU,12136319,20725029,18962171,21707878,21594508,21896486,22872181,22869844,22257246,22848359,21410922,19408053,20081602,6283854,7584135,Central,London Underground,Yes,,,,Yes
190,701,SHOREDITCH,0,,,,,,,,,,,,,,,,,,,,,
191,702,SLOANE SQUARE,13909926,14792555,14417460,14742700,14940194,16510040,16560260,16761977,17197513,17147936,16372926,15929561,16585916,6276139,7380128,"Circle, District",London Underground,Yes,,,,No
192,703,SNARESBROOK,2159779,2224189,2432618,2424610,2597942,2540095,2588391,2781855,2674477,2694225,2787010,2298797,2378289,1185716,1083968,Central,London Underground,Yes,,,,Yes
193,704,SOUTH EALING,3446051,3356787,3341679,3307943,3324302,3313275,3476673,3700360,3699819,3617189,3477368,3357981,3518542,1630782,1495186,Piccadilly,London Underground,Yes,,,,Yes
194,705,SOUTHFIELDS,5741359,5630768,5511411,5213264,5256987,5576358,5789944,6134110,6173897,6275587,5732747,5747476,5860615,2902818,2695552,District,London Underground,Yes,,,,No
195,706,SOUTHGATE,4805448,5052796,4959760,4905097,4912117,4875798,5386357,5633661,5555527,5647834,5304983,5170481,5429160,2705625,2312226,Piccadilly,London Underground,Yes,,,,Yes
196,707,SOUTH HARROW,2176973,2188549,2272054,2396030,2279634,2262264,2287706,2503648,2583973,2484237,2107487,2081548,2167602,1581956,1013772,Piccadilly,London Underground,Yes,,,,No
197,708,SOUTH KENSINGTON,28250681,28482536,28242853,29776473,30608404,32495510,32751295,36461844,33869744,33603151,31994140,32056414,33071847,9805549,10824383,"District, Piccadilly, Circle",London Underground,Yes,,,,Yes
198,709,SOUTH KENTON,805794,821139,853173,918728,957880,970928,1022501,1102908,957195,1170483,1731221,1942355,1976241,1254611,911326,"Bakerloo, London Overground",London Underground,Yes,,Yes,,No
199,710,SOUTH RUISLIP,1521532,1611823,1607383,1679673,1756903,1705535,1766082,1760835,1718085,1758094,1926405,1895804,1952608,992838,888276,Central,London Underground,Yes,,,,No
200,711,SOUTH WIMBLEDON,3719906,3679883,3800395,3596638,3750495,3704405,3788099,4280132,4570440,4759428,4627559,4626925,4654244,1992804,1937293,Northern,London Underground,Yes,,,,Yes
201,712,SOUTH WOODFORD,3710727,3836957,4093424,3979196,4394000,4329645,4590459,5031350,5148679,5247294,5022133,4876210,5271035,2308574,2380524,Central,London Underground,Yes,,,,Yes
202,713,STAMFORD BROOK,2779517,2641311,2433403,2495712,2522560,2628332,2664997,2672587,2695977,2700007,2557655,2621529,2749841,1317072,1223866,District,London Underground,Yes,,,,No
203,714,STANMORE,2827923,2779443,2781462,2680914,3021276,3364355,3542897,3891298,3973686,4040589,3717315,3762665,3853243,2021467,1729034,Jubilee,London Underground,Yes,,,,Yes
204,715,STEPNEY GREEN,4033106,4400095,4137890,4128661,4377706,4678837,5002409,5427571,5846372,6411775,6023114,6081225,5988691,2463108,2707641,"District, Hammersmith & City",London Underground,Yes,,,,No
205,716,STOCKWELL,7995154,8361505,7866633,8044986,8331776,8871894,9424813,10520406,11082161,11423478,11089126,10565894,11075026,5370518,4614856,"Northern, Victoria",London Underground,Yes,,,,Yes
206,717,STONEBRIDGE PARK,2083728,2127817,2395880,2365091,2590700,2482229,2544366,2610664,2674890,2530036,3167614,3146167,3179390,2451145,1677652,"Bakerloo, London Overground",London Underground,Yes,,Yes,,No
207,718,CHARING CROSS LU,22296949,23392922,22841977,21394728,19513237,18524648,18634461,21301822,20690327,8126588,18476801,18895518,19477585,3400411,7154835,"Bakerloo, Northern",London Underground,Yes,,,,Yes
208,719,STRATFORD,25627136,27231042,26989730,29819454,48571300,50962909,54503326,59308320,61442630,67047270,111539219,112577515,118564624,53788483,63439192,"Central, DLR, Jubilee, London Overground, TfL Rail",London Underground,Yes,Yes,Yes,Yes,Yes
209,720,SUDBURY HILL,2211931,2112878,2008126,1959018,2006325,2032858,2007949,2211298,2217946,1976543,1790959,1776550,1910960,1451606,889529,Piccadilly,London Underground,Yes,,,,No
210,721,SUDBURY TOWN,2294070,2243667,2160860,2116902,2055910,2009717,1979322,2103309,2179203,1996547,1718575,1654830,1825805,1278124,835671,Piccadilly,London Underground,Yes,,,,No
211,722,SURREY QUAYS,2455871,,,,,,,,,,,,,,,,,,,,,
212,723,SWISS COTTAGE,7243521,7061453,6649182,6203295,6906412,7526301,7834077,7282024,7710830,7578603,7369274,7034394,7130168,2891037,3001198,Jubilee,London Underground,Yes,,,,Yes
213,724,TEMPLE,7349176,6774893,9641579,9398053,9991846,7823576,7922122,8135916,8595799,8223970,8561001,8957017,8743279,1323354,3070900,"Circle, District",London Underground,Yes,,,,No
214,725,THEYDON BOIS,641192,652426,673868,661956,739823,746456,823919,849834,854702,850065,905705,889000,896336,493721,423967,Central,London Underground,Yes,,,,No
215,726,TOOTING BEC,7092733,6993579,6427816,6299985,6560405,6859327,6901892,7557957,7933544,7922887,7658810,7570365,7670661,3509976,3610529,Northern,London Underground,Yes,,,,Yes
216,727,TOOTING BROADWAY,13185596,12996852,12975326,12868034,13039799,13228547,13505007,15114746,15737978,15922071,15371262,15218284,15427848,8102118,6892544,Northern,London Underground,Yes,,,,Yes
217,728,TOTTENHAM COURT ROAD,37288905,36573797,34869429,34548887,23990548,36013489,38063296,36762272,16249800,39346254,39193558,38649304,41988765,6045302,16036231,"Central, Northern, TfL Rail",London Underground,Yes,Yes,,,Yes
218,729,TOTTENHAM HALE LU,7700322,8347791,7752717,8313977,8858713,9799795,10320809,11911123,11954313,13213806,11889159,12965971,14026843,7264852,7115066,Victoria,London Underground,Yes,,,,Yes
219,730,TOTTERIDGE & WHETSTONE,1649780,1806376,1777409,1856610,1977578,1918954,1950730,2241508,2334480,2232086,2416108,2418680,2523102,1030907,1064853,Northern,London Underground,Yes,,,,Yes
220,731,TOWER HILL,19440284,20305884,21613184,21793837,21580404,22537607,23414868,26323869,22176713,21834402,19897981,21524392,20586761,4116750,7328488,"Circle, District",London Underground,Yes,,,,No
221,733,TUFNELL PARK,3243254,3345611,3695568,3750115,3545044,3676520,3939656,3939313,0,3707186,3895273,3980735,4051401,1360667,1540273,Northern,London Underground,Yes,,,,Yes
222,734,TURNHAM GREEN,5900459,5990843,5854068,5895915,5834401,6029833,6195486,6459118,6445923,5650263,5845936,5816381,5839620,2563212,2661114,"District, Piccadilly",London Underground,Yes,,,,Yes
223,735,TURNPIKE LANE,9764801,9874142,9619114,9389335,9800632,9597394,10291376,10768249,10790301,10857089,10162189,9948987,10603832,5636483,4494164,Piccadilly,London Underground,Yes,,,,Yes
224,736,UPMINSTER,4568782,4393141,4426556,4433265,4556074,4731061,4959760,5156093,5140645,5339344,5871402,4878509,5360503,2673341,2532822,"District, London Overground",London Underground,Yes,,Yes,,No
225,737,UPMINSTER BRIDGE,781195,934057,865150,888847,988524,1098183,1103760,1142293,1146772,1159376,1096940,1153892,1107953,786733,507765,District,London Underground,Yes,,,,No
226,738,UPNEY,1860916,1836609,1874111,1890002,2108190,2126671,2296702,2529793,2684747,2719998,2567807,2595098,2546936,1867666,1241844,District,London Underground,Yes,,,,No
227,739,UPTON PARK,8839416,9591732,10359133,10553113,11014585,10303814,10480206,11414450,11413623,10141620,9097854,9693275,9708180,6677841,4784244,"District, Hammersmith & City",London Underground,Yes,,,,No
228,740,UXBRIDGE,6485149,6932257,6753063,6707349,6910995,7176636,7587430,8074587,8341531,8452417,7980024,7914648,7992197,4034024,3486758,"Metropolitan, Piccadilly",London Underground,Yes,,,,No
229,741,VICTORIA LU,76406467,78405628,77443767,79925297,82245550,82955798,84582132,86730599,82885560,83501204,75163165,82964036,85468928,22954962,33480926,"Circle, District, Victoria",London Underground,Yes,,,,Yes
230,742,WALTHAMSTOW CENTRAL,13742855,14161980,13436697,13752261,14316624,15089008,16681073,18052543,18333582,22766326,14881964,22877329,24588106,12760524,10608796,"London Overground, Victoria",London Underground,Yes,,Yes,,Yes
231,743,WANSTEAD,2211747,2263703,2200028,2375480,2571087,2560452,2732853,3089871,2903560,2960642,2804581,2703432,2771619,1137200,1181072,Central,London Underground,Yes,,,,Yes
232,744,WAPPING,1560851,,,,,,,,,,,,,,,,,,,,,
233,745,WARREN STREET,14173778,14384031,14042137,13601582,15691440,16513849,17596565,19405419,19917362,20346625,19218263,19376983,18245765,7744299,7038704,"Northern, Victoria",London Underground,Yes,,,,Yes
234,746,WARWICK AVENUE,4223478,4256549,4230504,4309735,4304437,4309332,4622339,4508957,4501822,4506260,4047265,3912072,3999622,1682785,1673860,Bakerloo,London Underground,Yes,,,,No
235,747,WATERLOO LU,74844290,77202884,75939796,81574061,84122881,88158546,89398131,91491846,95138374,100362256,86887788,77373119,82934325,16621546,29868623,"Bakerloo, Jubilee, Northern, Waterloo & City",London Underground,Yes,,,,Yes
236,748,WATFORD,1642268,1624730,1503697,1480796,1572122,1602068,1655119,1756514,1845823,1836559,1771435,1705035,1924615,1403495,955674,Metropolitan,London Underground,Yes,,,,No
237,751,WEMBLEY CENTRAL,3198306,3503931,4227669,4369690,4562798,5175356,4592227,5524620,5789849,5769748,7372001,7312400,7486761,4667735,3697026,"Bakerloo, London Overground",London Underground,Yes,,Yes,,No
238,752,WEMBLEY PARK,11907214,10746151,9317709,9016104,9661884,10601914,11735107,14108508,14542576,15103629,15712048,15473222,15423884,8289529,7894562,"Metropolitan, Jubilee",London Underground,Yes,,,,Yes
239,753,WEST ACTON,1561062,1654921,1585885,1575369,1617609,1579949,1692583,1665631,1736847,1820883,1629156,1596024,1710258,835889,709948,Central,London Underground,Yes,,,,Yes
240,754,WESTBOURNE PARK,2872842,3108357,2898876,2734150,3033426,3366135,3734232,3727735,3794960,3978228,3928366,4018763,4132837,2253686,1823204,"Circle, Hammersmith & City",London Underground,Yes,,,,No
241,755,WEST BROMPTON,3776635,3714007,3715284,4167686,4245504,4537945,4610447,4470979,5168452,6098173,9406333,9247923,9123106,3746948,4811148,"District, London Overground",London Underground,Yes,,Yes,,No
242,756,WEST FINCHLEY,1164231,1222994,1185327,1288475,1374749,1365343,1370913,1536049,1613941,1665191,1605581,1581383,1637337,685418,705772,Northern,London Underground,Yes,,,,Yes
243,757,WEST HAM,3168728,3054994,3123231,3389493,3418641,3271149,3400895,3508528,3814553,3459634,7511656,8049599,8074128,5322656,4724356,"District, DLR, Hammersmith & City, Jubilee",London Underground,Yes,,,Yes,Yes
244,758,WEST HAMPSTEAD LU,7459006,7364953,7448967,7452098,8234838,9713151,10159492,10590656,11160117,11039789,11207001,10317092,10488823,4955039,4472941,Jubilee,London Underground,Yes,,,,Yes
245,759,WEST HARROW,1149820,1186894,1199979,1095312,1075039,1103804,1130886,1201513,1329655,1489512,1453150,1596411,1281592,690469,560543,Metropolitan,London Underground,Yes,,,,No
246,760,WEST KENSINGTON,4837806,4720808,4550984,4528704,4636878,4948504,5040507,5135720,5321523,5060671,4964196,4583968,4871929,2096566,2028753,District,London Underground,Yes,,,,No
247,761,WESTMINSTER,18362940,19048245,19080395,20148033,20776511,22085605,23501317,26032437,25614455,28378426,24219994,24497646,22560365,6463756,7699650,"Circle, District, Jubilee",London Underground,Yes,,,,Yes
248,762,WEST RUISLIP,1253096,1299211,1495509,1677926,1640785,1611784,1600225,1558431,1564634,1666851,1634281,1435407,1557760,694477,708681,Central,London Underground,Yes,,,,No
249,763,WHITECHAPEL,12426675,11549795,12144523,12694694,12622636,13038867,14448854,12890831,11702345,14369235,26888457,27139055,27096903,13568344,13781141,"District, Hammersmith & City, London Overground, TfL Rail",London Underground,Yes,Yes,Yes,,Yes
250,764,WHITE CITY,7434800,9325579,7852459,8025485,7738266,7525342,7221772,7514462,7704418,8953281,8433511,8389590,9559843,4005703,4624537,Central,London Underground,Yes,,,,Yes
251,765,WILLESDEN GREEN,8515734,8140465,7336090,7151021,7811402,8226925,8560802,8819034,8960771,8972604,8331012,7950840,7966014,4290015,3384122,Jubilee,London Underground,Yes,,,,Yes
252,766,WILLESDEN JUNCTION,3427780,3498314,3832266,3897197,3919012,3986948,4170593,4503851,4597796,4728227,14639647,15274045,15667181,10091460,8706051,"Bakerloo, London Overground",London Underground,Yes,,Yes,,No
253,767,WIMBLEDON,14761156,15062078,11468852,11672760,11748798,11953067,14195582,15298628,15631389,13395119,11956760,11900167,12528740,7040552,7056386,District,London Underground,Yes,,,,No
254,768,WIMBLEDON PARK,2074186,2084037,2125523,2000460,1996939,2108810,2128289,1807402,1821025,1893927,2074785,2155334,2149788,1140075,1053984,District,London Underground,Yes,,,,No
255,769,WOODFORD,4247141,4348624,4477210,4454295,4894656,4859871,5585475,5870341,6034086,5692577,5682132,5619040,5862279,2754342,2663457,Central,London Underground,Yes,,,,No
256,770,WOOD GREEN,10968194,10888104,10839539,10934845,11347719,11533740,12442500,13352231,13189190,13204130,12202222,11447694,12133990,6578240,5433153,Piccadilly,London Underground,Yes,,,,Yes
257,771,WOODSIDE PARK,2202877,2308025,2310474,2542957,2685672,2660242,2633565,2646926,2816775,2869951,3366132,4040169,4349739,1956318,2015727,Northern,London Underground,Yes,,,,Yes
258,773,HAMMERSMITH (H&C),6786167,9173882,8599958,8676867,8889270,8637578,8957266,9719084,10703965,10567650,10318281,9836352,10252785,3929123,4225083,"Circle, Hammersmith & City",London Underground,Yes,,,,No
259,774,EDGWARE ROAD (BAK),3521080,3702217,3788217,3893325,4062214,4425113,0,4261079,4503184,5006662,4396642,4734969,4856904,2362854,2183058,Bakerloo,London Underground,Yes,,,,No
260,775,SHEPHERD'S BUSH MARKET,3418678,3583638,2959686,2874893,2999644,3257388,3438569,3662770,3412590,3569302,3530961,3426693,3375980,1499390,1656236,"Circle, Hammersmith & City",London Underground,Yes,,,,No
261,776,PIMLICO,8018387,8411898,8391929,8236498,8788540,9907380,10212959,11419311,11264698,11485039,10422636,10282108,10813686,4243221,4058878,Victoria,London Underground,Yes,,,,Yes
262,777,VAUXHALL LU,18822255,18557905,18301845,19296305,20871679,22842369,25146161,27509234,26834959,32234468,29257502,30407334,32303635,15463373,13623576,Victoria,London Underground,Yes,,,,Yes
263,778,BRIXTON LU,20577039,20927939,20879541,21276841,22509606,24823616,27221964,29373458,30830921,33460967,31107666,30303976,32032655,12735503,12831056,Victoria,London Underground,Yes,,,,Yes
264,779,HATTON CROSS,3152254,2744396,2715123,2801153,2929341,2959643,3076485,3223047,3199955,3248674,3035400,3008769,3238018,1562318,1411470,Piccadilly,London Underground,Yes,,,,Yes
265,780,HEATHROW TERMINALS 123 LU,9307489,8093307,8269094,7955415,7720762,7796187,8143722,4222451,7489313,7731054,7318073,7346448,7881446,1859318,2452747,Piccadilly,London Underground,Yes,,,,Yes
266,781,HEATHROW TERMINAL 4 LU,2110256,1173324,1767759,2142085,2459358,2436725,2427793,7655649,2347501,2278746,2146778,2127743,2125220,0,0,Piccadilly,London Underground,Yes,,,,Yes
267,784,SOUTHWARK,8521360,9663065,10033484,10444575,11066974,11977082,13457338,14145874,17937654,17861867,15946577,15133433,14953717,3568419,5034192,Jubilee,London Underground,Yes,,,,Yes
268,787,BERMONDSEY,6560143,6654779,6378067,6603326,7379858,7999518,8639504,9379438,10163683,11068171,10083167,9416737,9448211,4400677,4176709,Jubilee,London Underground,Yes,,,,Yes
269,788,CANADA WATER,8949223,11428836,10610907,9009718,9906521,10724783,11557722,11814216,12777430,14438625,42491516,35059059,36470471,14301897,17950386,"Jubilee, London Overground",London Underground,Yes,,Yes,,Yes
270,789,NORTH GREENWICH,17280493,17761816,18103460,17728629,15700824,24171152,22398063,24272586,26377071,26452132,26585096,24549011,28280620,9641852,11279522,Jubilee,London Underground,Yes,,,,Yes
271,852,CANARY WHARF LU,41622702,43509642,39616440,41526306,46590009,48043044,50046631,51809003,54441424,54785734,48576019,49813792,47685725,13355134,18288802,Jubilee,London Underground,Yes,,,,Yes
272,884,CANNING TOWN,8098981,7982681,7834906,8223551,8710542,8737992,9784093,10100164,10916031,11913321,26514203,26460986,28393798,21331852,21144840,"DLR, Jubilee ",London Underground,Yes,,,Yes,Yes
273,599,WOOD LANE,,3820056,3099767,3349472,3437870,3651658,3444011,3982886,3698414,3678778,3804000,4524340,4739497,1359848,2194795,"Circle, Hammersmith & City",London Underground,Yes,,,,No
274,783,HEATHROW TERMINAL 5 LU,,3138596,2982239,3143925,3211111,3639976,4047773,2125674,3902026,4452155,4247920,4178801,4476640,1173177,2027837,Piccadilly,London Underground,Yes,,,,Yes
275,504,STRATFORD INTERNATIONAL DLR,,,,,,,,,,,3565490,3689702,3931217,2283993,2623668,DLR,,,,,Yes,No
276,523,KING GEORGE V,,,,,,,,,,,1647718,1705909,1859583,1402423,1237801,DLR,,,,,Yes,No
277,533,LONDON CITY AIRPORT,,,,,,,,,,,4411647,4501203,4683701,851219,1601328,DLR,,,,,Yes,No
278,538,PONTOON DOCK,,,,,,,,,,,1609537,2628700,3175895,1285216,1794022,DLR,,,,,Yes,No
279,559,WEST SILVERTOWN,,,,,,,,,,,2109077,1827325,1899803,1085312,1505609,DLR,,,,,Yes,No
280,573,WOOLWICH ARSENAL,,,,,,,,,,,15515983,14587785,14589695,8083374,8491604,DLR,,,,,Yes,No
281,749,STRATFORD HIGH STREET,,,,,,,,,,,1143355,1178037,1183158,917986,888438,DLR,,,,,Yes,No
282,750,ABBEY ROAD,,,,,,,,,,,1190535,1216448,1219247,860312,796342,DLR,,,,,Yes,No
283,842,CANARY WHARF DLR,,,,,,,,,,,18007670,18160599,18319463,4222389,6634865,DLR,,,,,Yes,No
284,850,ALL SAINTS,,,,,,,,,,,2034156,2075415,2113995,1211243,1131935,DLR,,,,,Yes,No
285,851,BOW CHURCH,,,,,,,,,,,3543715,3522329,3552013,2291713,1655934,DLR,,,,,Yes,No
286,853,LANGDON PARK,,,,,,,,,,,4058468,4216212,4405944,2492349,2768650,DLR,,,,,Yes,No
287,854,CROSSHARBOUR,,,,,,,,,,,4064583,3952397,4258652,2051762,2260969,DLR,,,,,Yes,No
288,855,HERON QUAYS,,,,,,,,,,,8677976,7916332,8150993,2308727,3857998,DLR,,,,,Yes,No
289,856,ISLAND GARDENS,,,,,,,,,,,2898807,2716573,2708635,1328528,1514372,DLR,,,,,Yes,No
290,857,MUDCHUTE,,,,,,,,,,,2134183,2131157,2124149,1027512,1142393,DLR,,,,,Yes,No
291,858,POPLAR,,,,,,,,,,,4713917,4567851,4967283,1135902,825604,DLR,,,,,Yes,No
292,859,PUDDING MILL LANE,,,,,,,,,,,595193,763548,855872,619028,614843,DLR,,,,,Yes,No
293,860,SHADWELL DLR,,,,,,,,,,,8539916,8499265,8862262,4061469,4667783,DLR,,,,,Yes,No
294,861,SOUTH QUAY,,,,,,,,,,,5921106,6076155,6501819,1990713,2497386,DLR,,,,,Yes,No
295,862,LIMEHOUSE DLR,,,,,,,,,,,9390199,9231364,9780754,3958417,4798610,DLR,,,,,Yes,No
296,864,TOWER GATEWAY,,,,,,,,,,,4485971,4780256,4905211,1344452,2401001,DLR,,,,,Yes,No
297,865,WESTFERRY,,,,,,,,,,,4999283,4953763,5266544,2579546,3049242,DLR,,,,,Yes,No
298,866,WEST INDIA QUAY,,,,,,,,,,,1280769,1355439,1305312,296160,1329826,DLR,,,,,Yes,No
299,867,DEVONS ROAD,,,,,,,,,,,2372121,2468678,2624213,1418974,1447472,DLR,,,,,Yes,No
300,879,CUTTY SARK,,,,,,,,,,,7430815,6747837,7083717,2561980,3920658,DLR,,,,,Yes,No
301,882,BLACKWALL,,,,,,,,,,,1924981,1879514,1973374,901590,1097865,DLR,,,,,Yes,No
302,883,EAST INDIA,,,,,,,,,,,3662137,3637806,3878104,1703338,2333112,DLR,,,,,Yes,No
303,886,ROYAL VICTORIA,,,,,,,,,,,4935448,3883072,3968052,2219789,2286632,DLR,,,,,Yes,No
304,887,CUSTOM HOUSE,,,,,,,,,,,0,2242447,2205585,774342,2065445,"DLR, TfL Rail",,,Yes,,Yes,No
305,888,PRINCE REGENT,,,,,,,,,,,3068336,2584885,2438593,952650,1381287,DLR,,,,,Yes,No
306,889,STAR LANE,,,,,,,,,,,1493352,1486202,1504172,1135766,970623,DLR,,,,,Yes,No
307,890,ROYAL ALBERT,,,,,,,,,,,1778768,1759509,1821951,642156,798208,DLR,,,,,Yes,No
308,891,BECKTON PARK,,,,,,,,,,,688907,732001,508725,165824,287548,DLR,,,,,Yes,No
309,893,CYPRUS,,,,,,,,,,,1888241,1859018,1993882,877612,1138664,DLR,,,,,Yes,No
310,894,GALLIONS REACH,,,,,,,,,,,1405306,1484206,1416166,870533,1095624,DLR,,,,,Yes,No
311,895,BECKTON,,,,,,,,,,,2532056,2376180,2364126,1866578,1373476,DLR,,,,,Yes,No
312,897,DEPTFORD BRIDGE,,,,,,,,,,,4242465,4005170,4214301,1139053,1766459,DLR,,,,,Yes,No
313,898,ELVERSON ROAD,,,,,,,,,,,1965251,1683418,1700793,992404,884912,DLR,,,,,Yes,No
314,928,GREENWICH,,,,,,,,,,,5205602,4936188,4854886,2084916,2725047,DLR,,,,,Yes,No
315,940,LEWISHAM DLR,,,,,,,,,,,10846562,9860449,9662035,4236407,4701185,DLR,,,,,Yes,No
316,1022,HAGGERSTON,,,,,,,,,,,3351634,3230842,3456324,1260312,1815479,London Overground,,,,Yes,,Yes
317,1023,HOXTON,,,,,,,,,,,3249377,3114353,3318585,1305815,1949719,London Overground,,,,Yes,,Yes
318,1024,SHOREDITCH HIGH STREET,,,,,,,,,,,8860547,8937833,9507906,1376963,4601311,London Overground,,,,Yes,,Yes
319,1039,ROTHERHITHE,,,,,,,,,,,1826741,1817189,1786036,601765,860347,London Overground,,,,Yes,,Yes
320,1082,SHADWELL LO,,,,,,,,,,,4331978,5388663,5561873,1956196,2678672,London Overground,,,,Yes,,Yes
321,1083,SURREY QUAYS,,,,,,,,,,,4926621,4742011,4873849,2084074,2939844,London Overground,,,,Yes,,Yes
322,1085,WAPPING,,,,,,,,,,,2481764,2512598,2548862,775518,1340834,London Overground,,,,Yes,,Yes
323,1395,BUSHEY,,,,,,,,,,,651775,665334,698731,261806,396594,London Overground,,,,Yes,,No
324,1398,HATCH END,,,,,,,,,,,710039,715589,726221,356731,443478,London Overground,,,,Yes,,No
325,1402,WATFORD JUNCTION,,,,,,,,,,,1492464,1491039,1681091,664957,1135592,London Overground,,,,Yes,,No
326,1404,ACTON CENTRAL,,,,,,,,,,,1990116,1845816,1790280,1134052,1167174,London Overground,,,,Yes,,No
327,1409,GOSPEL OAK,,,,,,,,,,,2467887,2729452,2691232,1968124,1777739,London Overground,,,,Yes,,No
328,1413,HAMPSTEAD HEATH,,,,,,,,,,,3562249,3562302,3466018,2698906,2246249,London Overground,,,,Yes,,No
329,1415,KILBURN HIGH ROAD,,,,,,,,,,,866081,811126,930564,441473,539192,London Overground,,,,Yes,,No
330,1421,WEST HAMPSTEAD LO,,,,,,,,,,,5860118,5382676,5056826,2773686,3117437,London Overground,,,,Yes,,No
331,1429,DALSTON KINGSLAND,,,,,,,,,,,6461602,6376332,6415030,3124929,4048993,London Overground,,,,Yes,,No
332,1434,HEADSTONE LANE,,,,,,,,,,,658172,620534,652914,413101,384932,,,,,,,
333,1437,BRONDESBURY,,,,,,,,,,,2924794,3059657,2968014,1839585,1838214,London Overground,,,,Yes,,No
334,1438,BRONDESBURY PARK,,,,,,,,,,,1584534,1511170,1517887,913806,984626,London Overground,,,,Yes,,No
335,1439,CALEDONIAN ROAD & BARNSBURY,,,,,,,,,,,1742987,1679845,1802241,898929,1350071,London Overground,,,,Yes,,No
336,1440,CAMDEN ROAD,,,,,,,,,,,5471661,5115423,5062324,2226106,2853286,London Overground,,,,Yes,,No
337,1441,CANONBURY,,,,,,,,,,,3333820,3108125,3104982,1255178,1803938,London Overground,,,,Yes,,Yes
338,1442,CARPENDERS PARK,,,,,,,,,,,1091852,1113234,1191720,702972,766704,London Overground,,,,Yes,,No
339,1443,DALSTON JUNCTION,,,,,,,,,,,5909377,5730840,6214642,2069833,3212644,London Overground,,,,Yes,,Yes
340,1444,EUSTON NR,,,,,,,,,,,3561954,3652046,4125202,1420814,2116277,London Overground,,,,Yes,,No
341,1445,FINCHLEY ROAD & FROGNAL,,,,,,,,,,,2273363,2403061,2364775,1370533,1445981,London Overground,,,,Yes,,No
342,1448,KENSAL RISE,,,,,,,,,,,2946889,2874085,2987835,1791959,2095470,London Overground,,,,Yes,,No
343,1449,KENTISH TOWN WEST,,,,,,,,,,,2493968,2174959,2161589,1077455,1629280,London Overground,,,,Yes,,No
344,1451,SOUTH HAMPSTEAD,,,,,,,,,,,510791,507714,577003,352022,412312,London Overground,,,,Yes,,No
345,1452,SOUTH ACTON,,,,,,,,,,,1378003,1490942,1457168,682929,831678,London Overground,,,,Yes,,No
346,1455,WATFORD HIGH STREET,,,,,,,,,,,1383367,1283695,1404551,720831,971404,London Overground,,,,Yes,,No
347,1524,UPPER HOLLOWAY,,,,,,,,,,,887733,1235903,1389262,1087744,1169992,London Overground,,,,Yes,,No
348,5150,NEW CROSS,,,,,,,,,,,2784006,2660707,2655302,1492538,1532792,London Overground,,,,Yes,,No
349,5301,CLAPHAM HIGH STREET,,,,,,,,,,,2248857,2192193,2260168,936152,1231647,London Overground,,,,Yes,,No
350,5345,NEW CROSS GATE,,,,,,,,,,,6886621,5850998,5606001,2076254,2724966,London Overground,,,,Yes,,Yes
351,5356,CRYSTAL PALACE,,,,,,,,,,,2058418,2094773,2000025,1455238,1667100,London Overground,,,,Yes,,No
352,5362,FOREST HILL,,,,,,,,,,,3491388,3354862,3366957,1202543,1701565,London Overground,,,,Yes,,No
353,5372,WANDSWORTH ROAD,,,,,,,,,,,857961,837919,852193,393435,455293,London Overground,,,,Yes,,No
354,5376,NORWOOD JUNCTION,,,,,,,,,,,1475831,1447591,1568093,749301,886919,London Overground,,,,Yes,,No
355,5378,PENGE WEST,,,,,,,,,,,1038116,813443,842354,359406,572881,London Overground,,,,Yes,,No
356,5397,ANERLEY,,,,,,,,,,,1141012,1220020,1264544,558737,821918,London Overground,,,,Yes,,No
357,5404,BROCKLEY,,,,,,,,,,,4377054,4254718,4280207,1633785,2280512,London Overground,,,,Yes,,No
358,5411,WEST CROYDON NR,,,,,,,,,,,3259957,3772252,3594643,2289241,2293962,London Overground,,,,Yes,,No
359,5418,HONOR OAK PARK,,,,,,,,,,,3133342,3114594,3194783,1069321,1640297,London Overground,,,,Yes,,No
360,5420,BATTERSEA PARK,,,,,,,,,,,10383,10910,12154,10748,6842,London Overground,,,,Yes,,No
361,5421,DENMARK HILL,,,,,,,,,,,7709693,7382684,7990260,3742004,4447266,London Overground,,,,Yes,,No
362,5423,PECKHAM RYE,,,,,,,,,,,4084899,4113512,4200052,1518905,2241738,London Overground,,,,Yes,,No
363,5424,QUEENS ROAD PECKHAM,,,,,,,,,,,1962509,2084056,2120306,942423,1158467,London Overground,,,,Yes,,No
364,5437,SYDENHAM,,,,,,,,,,,2974643,2907347,2962757,1100736,1456686,London Overground,,,,Yes,,No
365,5595,CLAPHAM JUNCTION,,,,,,,,,,,14788770,14878382,14773995,9994169,10438622,London Overground,,,,Yes,,No
366,6814,CHESHUNT,,,,,,,,,,,453708,437039,459470,198951,340289,London Overground,,,,Yes,,No
367,6867,HACKNEY DOWNS,,,,,,,,,,,3347992,3334586,3480439,1715892,2128124,London Overground,,,,Yes,,No
368,6872,BRENTWOOD,,,,,,,,,,,2910274,2971409,2430028,1168543,1390728,TfL Rail,,,Yes,,,No
369,6874,CHADWELL HEATH,,,,,,,,,,,4000605,3855694,4402503,2469914,2396450,TfL Rail,,,Yes,,,No
370,6876,FOREST GATE,,,,,,,,,,,2956428,3236484,3931741,2488244,2548489,TfL Rail,,,Yes,,,No
371,6877,GIDEA PARK,,,,,,,,,,,2393978,2717776,3091264,1273342,1533725,TfL Rail,,,Yes,,,No
372,6878,GOODMAYES,,,,,,,,,,,3481761,3445071,3969489,2290994,2145176,TfL Rail,,,Yes,,,No
373,6879,HAROLD WOOD,,,,,,,,,,,2495901,2752817,3102641,1573665,1760138,TfL Rail,,,Yes,,,No
374,6881,ILFORD,,,,,,,,,,,7987556,7653644,8343355,3930054,4106402,TfL Rail,,,Yes,,,No
375,6883,MANOR PARK,,,,,,,,,,,2120086,1980072,2762719,1687629,1781334,TfL Rail,,,Yes,,,No
376,6886,ROMFORD,,,,,,,,,,,8484992,7891190,9522899,4569696,5920159,"London Overground, TfL Rail",,,Yes,Yes,,No
377,6888,SHENFIELD,,,,,,,,,,,1724799,1593139,1857641,1365424,1493660,TfL Rail,,,Yes,,,No
378,6893,SEVEN KINGS,,,,,,,,,,,3030081,3133514,3519698,2087123,2046889,TfL Rail,,,Yes,,,No
379,6913,BUSH HILL PARK,,,,,,,,,,,1204935,1257096,1416560,508104,753674,London Overground,,,,Yes,,No
380,6914,CHINGFORD,,,,,,,,,,,2084007,2123980,2215460,999111,1279317,London Overground,,,,Yes,,No
381,6919,HIGHAMS PARK,,,,,,,,,,,2308794,2801865,2900832,1215998,1735398,London Overground,,,,Yes,,No
382,6926,CLAPTON,,,,,,,,,,,1776056,1879898,1900867,905095,1157488,London Overground,,,,Yes,,No
383,6934,STOKE NEWINGTON,,,,,,,,,,,1545265,1446191,1607495,715508,1176525,London Overground,,,,Yes,,No
384,6941,EDMONTON GREEN,,,,,,,,,,,3709925,3568143,4058791,2105087,2348713,London Overground,,,,Yes,,No
385,6947,SOUTHBURY,,,,,,,,,,,1271810,1138676,1175370,615296,693974,London Overground,,,,Yes,,No
386,6949,THEOBALDS GROVE,,,,,,,,,,,743156,734754,770253,392947,466660,London Overground,,,,Yes,,No
387,6952,TURKEY STREET,,,,,,,,,,,1287754,1235516,1269753,623317,671342,London Overground,,,,Yes,,No
388,6954,WOOD STREET,,,,,,,,,,,1422045,1781513,1862285,947291,1242080,London Overground,,,,Yes,,No
389,6956,WHITE HART LANE,,,,,,,,,,,2264604,2358599,1885627,1027468,1161269,London Overground,,,,Yes,,No
390,6958,BRUCE GROVE,,,,,,,,,,,1580400,1564321,1782467,936661,1378067,London Overground,,,,Yes,,No
391,6959,ENFIELD TOWN,,,,,,,,,,,2388070,2441874,2461521,1058812,1437473,London Overground,,,,Yes,,No
392,6961,BETHNAL GREEN LO,,,,,,,,,,,1364618,1357219,1352754,891335,1047192,London Overground,,,,Yes,,No
393,6962,CAMBRIDGE HEATH,,,,,,,,,,,980935,997132,1115133,516410,889589,London Overground,,,,Yes,,No
394,6965,LIVERPOOL STREET NR,,,,,,,,,,,28427447,29893382,32248118,12114962,16460908,TfL Rail,,,Yes,,,No
395,6966,LONDON FIELDS,,,,,,,,,,,1784175,1791071,2050471,787176,1188188,London Overground,,,,Yes,,No
396,6967,RECTORY ROAD,,,,,,,,,,,1181806,1095421,1161046,468783,869834,London Overground,,,,Yes,,No
397,6968,STAMFORD HILL,,,,,,,,,,,987086,948856,1028322,637758,695033,London Overground,,,,Yes,,No
398,6970,MARYLAND,,,,,,,,,,,1283840,1108395,1556190,1080904,1316546,TfL Rail,,,Yes,,,No
399,6972,SILVER STREET,,,,,,,,,,,2498643,2560391,2896057,1589687,1682406,London Overground,,,,Yes,,No
400,6973,ST JAMES STREET,,,,,,,,,,,1133828,1283744,1331099,719781,893897,London Overground,,,,Yes,,No
401,6977,HACKNEY CENTRAL,,,,,,,,,,,6639640,7269623,7355336,3074965,3873150,London Overground,,,,Yes,,No
402,6978,HACKNEY WICK,,,,,,,,,,,2027072,1296778,2865480,1294674,2034502,London Overground,,,,Yes,,No
403,6979,HOMERTON,,,,,,,,,,,4916632,5070913,5106067,2563827,3004286,London Overground,,,,Yes,,No
404,7401,HARRINGAY GREEN LANES,,,,,,,,,,,934235,1228323,1342722,1043961,976641,London Overground,,,,Yes,,No
405,7402,LEYTON MIDLAND ROAD,,,,,,,,,,,1502699,1346936,1441735,1112804,997076,London Overground,,,,Yes,,No
406,7403,LEYTONSTONE HIGH ROAD,,,,,,,,,,,1107993,970484,1018773,742928,721287,London Overground,,,,Yes,,No
407,7404,SOUTH TOTTENHAM,,,,,,,,,,,1342130,1578273,1269078,1156264,950085,London Overground,,,,Yes,,No
408,7406,CROUCH HILL,,,,,,,,,,,719487,945139,942814,733856,727117,London Overground,,,,Yes,,No
409,7407,WALTHAMSTOW QUEEN'S ROAD,,,,,,,,,,,1602249,2007298,2342011,969517,877303,London Overground,,,,Yes,,No
410,7408,WANSTEAD PARK,,,,,,,,,,,1060998,1110917,1195337,996649,890743,London Overground,,,,Yes,,No
411,7467,WOODGRANGE PARK,,,,,,,,,,,962973,891843,898106,778844,631946,London Overground,,,,Yes,,No
412,7473,EMERSON PARK,,,,,,,,,,,275227,282798,322550,119939,183964,London Overground,,,,Yes,,No
413,9586,IMPERIAL WHARF,,,,,,,,,,,3307690,3151525,3022704,1547700,2061276,London Overground,,,,Yes,,No
414,9587,SHEPHERD'S BUSH NR,,,,,,,,,,,8458803,8230210,8312280,2900189,4551302,London Overground,,,,Yes,,No
415,3000,ACTON MAIN LINE,,,,,,,,,,,,300026,381479,178777,316257,TfL Rail,,,Yes,,,No
416,3087,PADDINGTON NR,,,,,,,,,,,,4086849,4722949,5977071,8513238,TfL Rail,,,Yes,,,No
417,3186,HAYES & HARLINGTON,,,,,,,,,,,,2246986,2546115,1147933,1620176,London Overground,,,,Yes,,No
418,3186,HAYES & HARLINGTON,,,,,,,,,,,,2246986,2546115,1147933,1620176,TfL Rail,,,Yes,,,No
419,3187,SOUTHALL,,,,,,,,,,,,1723747,2563229,1429088,2294079,TfL Rail,,,Yes,,,No
420,3188,WEST EALING,,,,,,,,,,,,1215358,1487684,663903,908453,TfL Rail,,,Yes,,,No
421,3191,HANWELL,,,,,,,,,,,,364993,675795,387664,576380,TfL Rail,,,Yes,,,No
422,7090,HEATHROW TERMINALS 2 & 3 EL,,,,,,,,,,,,1436239,1664708,129339,723162,TfL Rail,,,Yes,,,No
423,7091,HEATHROW TERMINAL 4 EL,,,,,,,,,,,,1420311,1426266,0,0,TfL Rail,,,Yes,,,No
424,3147,MAIDENHEAD,,,,,,,,,,,,,,102141,1964707,TfL Rail,,,Yes,,,No
425,3149,READING,,,,,,,,,,,,,,1211829,1544095,TfL Rail,,,Yes,,,No
426,3151,TAPLOW,,,,,,,,,,,,,,20878,266945,TfL Rail,,,Yes,,,No
427,3155,TWYFORD,,,,,,,,,,,,,,13407,837725,TfL Rail,,,Yes,,,No
428,3170,IVER,,,,,,,,,,,,,,43002,182117,TfL Rail,,,Yes,,,No
429,3171,LANGLEY,,,,,,,,,,,,,,81604,565434,TfL Rail,,,Yes,,,No
430,3172,SLOUGH,,,,,,,,,,,,,,234410,2170889,TfL Rail,,,Yes,,,No
431,3174,WEST DRAYTON,,,,,,,,,,,,,,1104778,1361605,TfL Rail,,,Yes,,,No
432,3176,BURNHAM,,,,,,,,,,,,,,106258,894325,TfL Rail,,,Yes,,,No
433,9846,HEATHROW TERMINAL 5 EL,,,,,,,,,,,,,,668011,260928,TfL Rail,,,Yes,,,No
434,831,NINE ELMS,,,,,,,,,,,,,,,1163116,Northern,London Underground,Yes,,,,No
435,832,BATTERSEA POWER STATION,,,,,,,,,,,,,,,2177911,Northern,London Underground,Yes,,,,No